#CHROM,POS,GENEINFO,CLNDN,CLNSIG
1,943995,SAMD11:148398,not_provided,Pathogenic
1,976611,AGRN:375790|PERM1:84808,Congenital_myasthenic_syndrome_8,Pathogenic
1,1013983,ISG15:9636,Mendelian_susceptibility_to_mycobacterial_diseases_due_to_complete_ISG15_deficiency,Pathogenic/Likely_pathogenic
1,1014143,ISG15:9636,Mendelian_susceptibility_to_mycobacterial_diseases_due_to_complete_ISG15_deficiency,Pathogenic
1,1014316,ISG15:9636,Mendelian_susceptibility_to_mycobacterial_diseases_due_to_complete_ISG15_deficiency,Pathogenic
1,1022368,AGRN:375790|LOC126805576:126805576,Congenital_myasthenic_syndrome_8,Pathogenic
1,1040694,AGRN:375790,Congenital_myasthenic_syndrome_8,Pathogenic
1,1040717,AGRN:375790,Congenital_myasthenic_syndrome_8|Congenital_myasthenic_syndrome,Pathogenic/Likely_pathogenic
1,1040819,AGRN:375790|LOC129929077:129929077,Congenital_myasthenic_syndrome_8,Pathogenic/Likely_pathogenic
1,1041335,AGRN:375790,Congenital_myasthenic_syndrome_8,Pathogenic
1,1041338,AGRN:375790,Congenital_myasthenic_syndrome_8,Pathogenic
1,1041354,AGRN:375790,Congenital_myasthenic_syndrome_8,Pathogenic
1,1041559,AGRN:375790,Congenital_myasthenic_syndrome_8,Pathogenic
1,1041582,AGRN:375790,Congenital_myasthenic_syndrome|Congenital_myasthenic_syndrome_8,Pathogenic
1,1041598,AGRN:375790,Congenital_myasthenic_syndrome_8,Pathogenic
1,1041626,AGRN:375790,Congenital_myasthenic_syndrome_8,Pathogenic
1,1041634,AGRN:375790,Congenital_myasthenic_syndrome_8,Pathogenic
1,1041678,AGRN:375790,Presynaptic_congenital_myasthenic_syndrome|Congenital_myasthenic_syndrome_8,Pathogenic/Likely_pathogenic
1,1041975,AGRN:375790,Congenital_myasthenic_syndrome_8,Pathogenic
1,1042053,AGRN:375790,Congenital_myasthenic_syndrome_8,Pathogenic
1,1042101,AGRN:375790,Abnormality_of_the_musculature,Pathogenic
1,1043197,AGRN:375790,Congenital_myasthenic_syndrome_8,Pathogenic
1,1043598,AGRN:375790,Congenital_myasthenic_syndrome_8,Pathogenic
1,1043668,AGRN:375790,Congenital_myasthenic_syndrome_8,Pathogenic
1,1044111,AGRN:375790,Congenital_myasthenic_syndrome_8,Pathogenic
1,1044436,AGRN:375790,Congenital_myasthenic_syndrome_8,Pathogenic
1,1045203,AGRN:375790,Congenital_myasthenic_syndrome_8,Pathogenic
1,1045487,AGRN:375790,Congenital_myasthenic_syndrome_8,Pathogenic
1,1045840,AGRN:375790,Congenital_myasthenic_syndrome_8,Pathogenic
1,1046480,AGRN:375790,not_provided|Congenital_myasthenic_syndrome_8,Pathogenic/Likely_pathogenic
1,1046659,AGRN:375790,Congenital_myasthenic_syndrome_8,Pathogenic
1,1046712,AGRN:375790,Congenital_myasthenic_syndrome_8,Pathogenic
1,1047431,AGRN:375790,Congenital_myasthenic_syndrome_8,Pathogenic
1,1047868,AGRN:375790,Congenital_myasthenic_syndrome_8,Pathogenic
1,1048226,AGRN:375790,Congenital_myasthenic_syndrome_8,Pathogenic
1,1048232,AGRN:375790,Congenital_myasthenic_syndrome_8,Pathogenic
1,1048977,AGRN:375790,Congenital_myasthenic_syndrome_8,Pathogenic
1,1049326,AGRN:375790,Congenital_myasthenic_syndrome_8,Pathogenic
1,1049795,AGRN:375790,Congenital_myasthenic_syndrome_8|Neurodevelopmental_disorder,Pathogenic
1,1050461,AGRN:375790,Congenital_myasthenic_syndrome_8,Pathogenic/Likely_pathogenic
1,1050473,AGRN:375790,Congenital_myasthenic_syndrome_8|Congenital_myasthenic_syndrome,Pathogenic/Likely_pathogenic
1,1050575,AGRN:375790,Congenital_myasthenic_syndrome_8|Congenital_myasthenic_syndrome,Pathogenic
1,1051565,AGRN:375790,Congenital_myasthenic_syndrome_8,Pathogenic
1,1051635,AGRN:375790,Congenital_myasthenic_syndrome_8,Pathogenic
1,1053802,AGRN:375790,Congenital_myasthenic_syndrome_8,Pathogenic
1,1053852,AGRN:375790,Congenital_myasthenic_syndrome_8,Pathogenic
1,1232198,B3GALT6:126792,"Ehlers-Danlos_syndrome,_spondylodysplastic_type,_2|Spondyloepimetaphyseal_dysplasia_with_joint_laxity",Pathogenic
1,1232279,B3GALT6:126792,"Al-Gazali_syndrome|Spondyloepimetaphyseal_dysplasia_with_joint_laxity,_type_1,_with_or_without_fractures|Ehlers-Danlos_syndrome,_spondylodysplastic_type,_2",Pathogenic
1,1232279,B3GALT6:126792,"Spondyloepimetaphyseal_dysplasia_with_joint_laxity|Ehlers-Danlos_syndrome,_spondylodysplastic_type,_2|B3GALT6-related_disorder|Spondyloepimetaphyseal_dysplasia_with_joint_laxity,_type_1,_with_or_without_fractures|not_provided",Pathogenic/Likely_pathogenic
1,1232279,B3GALT6:126792,Fetal_anomalies_with_a_likely_genetic_cause,Pathogenic
1,1232280,B3GALT6:126792,"not_provided|B3GALT6-congenital_disorder_of_glycosylation|Ehlers-Danlos_syndrome,_spondylodysplastic_type,_2|Spondyloepimetaphyseal_dysplasia_with_joint_laxity",Pathogenic/Likely_pathogenic
1,1232281,B3GALT6:126792,"Spondyloepimetaphyseal_dysplasia_with_joint_laxity|Ehlers-Danlos_syndrome,_spondylodysplastic_type,_2",Pathogenic
1,1232362,B3GALT6:126792,"Ehlers-Danlos_syndrome,_spondylodysplastic_type,_2|Spondyloepimetaphyseal_dysplasia_with_joint_laxity",Pathogenic
1,1232391,B3GALT6:126792,"Ehlers-Danlos_syndrome,_spondylodysplastic_type,_2|Spondyloepimetaphyseal_dysplasia_with_joint_laxity",Pathogenic
1,1232471,B3GALT6:126792,"Spondyloepimetaphyseal_dysplasia_with_joint_laxity,_type_1,_with_or_without_fractures",Pathogenic
1,1232471,B3GALT6:126792,"Ehlers-Danlos_syndrome,_spondylodysplastic_type,_2|Spondyloepimetaphyseal_dysplasia_with_joint_laxity",Pathogenic
1,1232478,B3GALT6:126792,"Spondyloepimetaphyseal_dysplasia_with_joint_laxity|Ehlers-Danlos_syndrome,_spondylodysplastic_type,_2|Spondyloepimetaphyseal_dysplasia_with_joint_laxity,_type_1,_with_or_without_fractures",Pathogenic
1,1232504,B3GALT6:126792,"Ehlers-Danlos_syndrome,_spondylodysplastic_type,_2",Pathogenic
1,1232513,B3GALT6:126792,"Al-Gazali_syndrome|Spondyloepimetaphyseal_dysplasia_with_joint_laxity,_type_1,_with_or_without_fractures|Ehlers-Danlos_syndrome,_spondylodysplastic_type,_2|Spondyloepimetaphyseal_dysplasia_with_joint_laxity",Pathogenic
1,1232525,B3GALT6:126792,"Ehlers-Danlos_syndrome,_spondylodysplastic_type,_2|Spondyloepimetaphyseal_dysplasia_with_joint_laxity",Pathogenic
1,1232594,B3GALT6:126792,"Spondyloepimetaphyseal_dysplasia_with_joint_laxity,_type_1,_with_fractures",Pathogenic
1,1232738,B3GALT6:126792,"Ehlers-Danlos_syndrome,_spondylodysplastic_type,_2|Spondyloepimetaphyseal_dysplasia_with_joint_laxity",Pathogenic
1,1232744,B3GALT6:126792,"Spondyloepimetaphyseal_dysplasia_with_joint_laxity,_type_1,_with_or_without_fractures",Pathogenic
1,1232754,B3GALT6:126792,Al-Gazali_syndrome,Pathogenic
1,1232787,B3GALT6:126792,"Spondyloepimetaphyseal_dysplasia_with_joint_laxity|Ehlers-Danlos_syndrome,_spondylodysplastic_type,_2|B3GALT6-related_disorder|not_provided",Pathogenic/Likely_pathogenic
1,1232791,B3GALT6:126792,"Ehlers-Danlos_syndrome,_spondylodysplastic_type,_2|Spondyloepimetaphyseal_dysplasia_with_joint_laxity",Pathogenic
1,1232834,B3GALT6:126792,"not_provided|Spondyloepimetaphyseal_dysplasia_with_joint_laxity,_type_1,_with_fractures|Spondyloepimetaphyseal_dysplasia_with_joint_laxity,_type_1,_with_or_without_fractures|Ehlers-Danlos_syndrome,_spondylodysplastic_type,_2",Pathogenic
1,1232855,B3GALT6:126792,"Ehlers-Danlos_syndrome,_spondylodysplastic_type,_2|Spondyloepimetaphyseal_dysplasia_with_joint_laxity",Pathogenic
1,1232896,B3GALT6:126792,Al-Gazali_syndrome,Pathogenic
1,1232897,B3GALT6:126792,"Spondyloepimetaphyseal_dysplasia_with_joint_laxity,_type_1,_with_fractures|Spondyloepimetaphyseal_dysplasia_with_joint_laxity,_type_1,_with_or_without_fractures",Pathogenic
1,1232914,B3GALT6:126792,"Spondyloepimetaphyseal_dysplasia_with_joint_laxity|Ehlers-Danlos_syndrome,_spondylodysplastic_type,_2",Pathogenic
1,1232927,B3GALT6:126792,"Spondyloepimetaphyseal_dysplasia_with_joint_laxity,_type_1,_with_fractures",Pathogenic
1,1233044,B3GALT6:126792,"Ehlers-Danlos_syndrome,_spondylodysplastic_type,_2",Pathogenic/Likely_pathogenic
1,1233177,B3GALT6:126792,"Spondyloepimetaphyseal_dysplasia_with_joint_laxity,_type_1,_with_or_without_fractures",Pathogenic
1,1233203,B3GALT6:126792,"Spondyloepimetaphyseal_dysplasia_with_joint_laxity|Ehlers-Danlos_syndrome,_spondylodysplastic_type,_2|not_provided",Pathogenic/Likely_pathogenic
1,1312841,INTS11:54973,"Neurodevelopmental_disorder_with_motor_and_language_delay,_ocular_defects,_and_brain_abnormalities",Pathogenic
1,1319313,INTS11:54973,"Neurodevelopmental_disorder_with_motor_and_language_delay,_ocular_defects,_and_brain_abnormalities",Pathogenic
1,1320529,INTS11:54973,"Neurodevelopmental_disorder_with_motor_and_language_delay,_ocular_defects,_and_brain_abnormalities",Pathogenic
1,1321072,INTS11:54973,"Neurodevelopmental_disorder_with_motor_and_language_delay,_ocular_defects,_and_brain_abnormalities",Pathogenic
1,1337995,DVL1:1855|LOC129929114:129929114,not_provided|Autosomal_dominant_Robinow_syndrome_2,Pathogenic
1,1338000,DVL1:1855|LOC129929114:129929114,Autosomal_dominant_Robinow_syndrome_2,Pathogenic
1,1338023,DVL1:1855,Autosomal_dominant_Robinow_syndrome_2,Pathogenic
1,1338033,DVL1:1855,Autosomal_dominant_Robinow_syndrome_2,Pathogenic
1,1338045,DVL1:1855,Autosomal_dominant_Robinow_syndrome_2,Pathogenic
1,1338053,DVL1:1855,Autosomal_dominant_Robinow_syndrome_1|Autosomal_dominant_Robinow_syndrome_2,Pathogenic
1,1338059,DVL1:1855,Autosomal_dominant_Robinow_syndrome_2,Pathogenic
1,1338086,DVL1:1855,Autosomal_dominant_Robinow_syndrome_2,Pathogenic
1,1338092,DVL1:1855,Autosomal_dominant_Robinow_syndrome_2,Pathogenic
1,1338096,DVL1:1855,not_provided|Autosomal_dominant_Robinow_syndrome_2,Pathogenic
1,1338098,DVL1:1855,Autosomal_dominant_Robinow_syndrome_2,Pathogenic
1,1338107,DVL1:1855,Autosomal_dominant_Robinow_syndrome_2,Pathogenic
1,1338107,DVL1:1855,Autosomal_dominant_Robinow_syndrome_2,Pathogenic/Likely_pathogenic
1,1338111,DVL1:1855,Inborn_genetic_diseases,Pathogenic
1,1338143,DVL1:1855,Autosomal_dominant_Robinow_syndrome_2,Pathogenic
1,1339363,DVL1:1855,not_provided,Pathogenic
1,1435614,VWA1:64856,Zygodactyly_type_1,Pathogenic
1,1435694,VWA1:64856,Zygodactyly_type_1,Pathogenic
1,1435798,VWA1:64856,"not_provided|Neuronopathy,_distal_hereditary_motor,_autosomal_recessive_7|not_specified|VWA1-related_disorder|Neuromuscular_disease",Pathogenic/Likely_pathogenic
1,1435798,VWA1:64856,"Neuronopathy,_distal_hereditary_motor,_autosomal_recessive_7|Neuromuscular_disease|not_specified",Pathogenic
1,1436948,VWA1:64856,not_provided,Pathogenic
1,1437103,VWA1:64856,"Neuronopathy,_distal_hereditary_motor,_autosomal_recessive_7|Neuromuscular_disease|not_provided",Pathogenic
1,1437308,VWA1:64856,"Neuronopathy,_distal_hereditary_motor,_autosomal_recessive_7",Pathogenic/Likely_pathogenic
1,1437401,VWA1:64856,"not_provided|Neuronopathy,_distal_hereditary_motor,_autosomal_recessive_7",Pathogenic
1,1439326,VWA1:64856,"Neuromuscular_disease|Neuronopathy,_distal_hereditary_motor,_autosomal_recessive_7",Pathogenic/Likely_pathogenic
1,1516036,ATAD3A:55210,"Pontocerebellar_hypoplasia,_hypotonia,_and_respiratory_insufficiency_syndrome,_neonatal_lethal",Pathogenic
1,1516567,ATAD3A:55210,Harel-Yoon_syndrome,Pathogenic
1,1517250,ATAD3A:55210,"Harel-Yoon_syndrome|Pontocerebellar_hypoplasia,_hypotonia,_and_respiratory_insufficiency_syndrome,_neonatal_lethal",Pathogenic
1,1518966,ATAD3A:55210,"Pontocerebellar_hypoplasia,_hypotonia,_and_respiratory_insufficiency_syndrome,_neonatal_lethal",Pathogenic
1,1520188,ATAD3A:55210,not_provided,Pathogenic
1,1525242,ATAD3A:55210,"Congenital_cerebellar_hypoplasia|Pontocerebellar_hypoplasia,_hypotonia,_and_respiratory_insufficiency_syndrome,_neonatal_lethal",Pathogenic
1,1527721,ATAD3A:55210,Harel-Yoon_syndrome,Pathogenic
1,1529299,ATAD3A:55210,ATAD3A-related_mitochondrial_disorders|Harel-Yoon_syndrome|not_provided,Pathogenic/Likely_pathogenic
1,1535372,TMEM240:339453,not_provided|Spinocerebellar_ataxia_type_21,Pathogenic/Likely_pathogenic
1,1535392,TMEM240:339453,Spinocerebellar_ataxia_type_21,Pathogenic
